Label,Precision,Recall,F1-score,Support
not_buy,0.9684592582447150,0.6116720217498760,0.7497850842810450,161840.0
buy,0.1100301627086960,0.7067491358923050,0.19041550771342100,10994.0